{"cameraMode":{"drawMode":0,"name":"Shaded","section":"Shading Mode"},"sceneLighting":true,"audioPlay":false,"sceneViewState":{"showFog":true,"showMaterialUpdate":false,"showSkybox":true,"showFlares":true,"showImageEffects":true,"showParticleSystems":true},"in2DMode":false,"pivot":{"x":510.35968017578127,"y":-748.287353515625,"z":1291.8143310546875},"rotation":{"x":0.24114611744880677,"y":0.17728298902511598,"z":-0.044854357838630679,"w":0.9531040787696838},"size":1722.3721923828125,"orthographic":false}