{"cameraMode":{"drawMode":0,"name":"Shaded","section":"Shading Mode"},"sceneLighting":false,"audioPlay":false,"sceneViewState":{"showFog":true,"showMaterialUpdate":false,"showSkybox":false,"showFlares":true,"showImageEffects":true,"showParticleSystems":true},"in2DMode":false,"pivot":{"x":1.4910123348236085,"y":2.195167064666748,"z":-1.8801078796386719},"rotation":{"x":0.14826175570487977,"y":-0.0020728684030473234,"z":0.0003109202370978892,"w":0.9889460206031799},"size":22.147262573242189,"orthographic":false}